{
  "timestamp": "2026-05-16T14:30:51.706707",
  "status": "success",
  "metrics": {
    "best_threshold": 0.21,
    "validation_f1": 0.9127544661404238,
    "test": {
      "f1": 0.9183314356691854,
      "precision": 0.9517270971894444,
      "recall": 0.8872,
      "auc": 0.9948140252631579
    },
    "verdict": "EXCELLENT"
  },
  "errors": []
}