epochs,batch_size,lr,threshold,precision,recall,f1_score,auc_roc
30,32,0.001,0.001482,0.5968,1.0,0.7475,1.0
50,32,0.001,0.001484,0.5973,1.0,0.7479,1.0
50,64,0.001,0.001453,0.5976,1.0,0.7481,1.0
50,32,0.0001,0.019864,0.6029,1.0,0.7522,1.0
