epochs,batch_size,lr,threshold,precision,recall,f1_score,auc_roc
30,32,0.001,0.019268,0.4154,0.6832,0.5166,0.9657
50,32,0.001,0.001563,0.4752,0.906,0.6235,0.9778
50,64,0.001,0.01019,0.4733,0.8664,0.6122,0.963
50,32,0.0001,0.001647,0.4875,0.9266,0.6389,0.981
