epochs,batch_size,lr,threshold,precision,recall,f1_score,auc_roc
30,32,0.001,0.007364,0.6194,1.0,0.7649,1.0
50,32,0.001,0.001411,0.5912,1.0,0.7431,1.0
50,64,0.001,0.001803,0.6114,1.0,0.7588,1.0
50,32,0.0001,0.002439,0.6136,1.0,0.7605,1.0
