epochs,batch_size,lr,threshold,precision,recall,f1_score,auc_roc
30,32,0.001,0.02008,0.4933,0.922,0.6427,0.9847
50,32,0.001,0.018533,0.477,0.8968,0.6227,0.9812
50,64,0.001,0.018036,0.4828,0.9002,0.6285,0.9901
50,32,0.0001,0.018894,0.4888,0.8892,0.6309,0.9853
