epochs,batch_size,lr,threshold,precision,recall,f1_score,auc_roc
50,32,0.001,0.000713,0.6007,1.0,0.7505,1.0
100,32,0.001,0.001762,0.5968,1.0,0.7475,1.0
100,64,0.001,0.001043,0.6045,1.0,0.7535,1.0
150,32,0.001,0.001857,0.5991,1.0,0.7493,1.0
100,32,0.0001,0.006053,0.6068,1.0,0.7553,1.0
