epochs,batch_size,lr,threshold,precision,recall,f1_score,auc_roc
50,32,0.001,0.00227,0.6124,1.0,0.7596,1.0
100,32,0.001,0.001719,0.5828,1.0,0.7365,1.0
100,64,0.001,0.003164,0.5993,1.0,0.7495,1.0
150,32,0.001,0.001557,0.6014,1.0,0.7511,1.0
100,32,0.0001,0.001931,0.5795,1.0,0.7338,1.0
